user_ID,finishTime,Q6_1: 
2151,01/03/2024 2:57,שיחרור החטופים צריך להתבצע בשיחרור כל החטופים בהסכם  שיתבצע בן הצדדים . או בלחץ צבאי . 
8352,29/02/2024 12:28,נושא חשוב ביותר לעם כולו מכל נושא אחר !!!!
13583,29/02/2024 13:26,רצוי שאנשים שמבינים בנושא יחליטו
15328,29/02/2024 17:06,להחזיר את כל החטופים עכשיו! מייד!
20635,01/03/2024 14:03,אין פרוט
56946,29/02/2024 14:21,.
90246,29/02/2024 21:04,קבינט מצומצם
95407,29/02/2024 21:40,את החטופים צריך להחזיר הביתה בלי דיונים מיותרים.מדינת ישראל צריכה להראות שהיא זו שקובעת את המתווה.וצריך להחזיר את החטופים בהקדם; ויפה שעה אחת קודם
97075,29/02/2024 14:51,נתניהו טוב
145999,29/02/2024 17:12,THI MURL CPHRUY BUX;
157050,29/02/2024 11:57,החטופים חשובים מאד. אבל חייבים להכות את החמאס ולא לאפשר להם לחזור לפעילות
202683,29/02/2024 11:58,צריך לתת לאנשים שקולים ועניינים להחליט; לא הקיצונים הזויים שמוכנים להקריב אנשים עבור אדמה
244797,29/02/2024 23:44,מצד אחד יש צורך להראות את החוזק המדיני מצד שני לפעול במהירות המירבית; כל שעה בשבי איומה!
248317,01/03/2024 16:43,בהסכמה רחבה ביותר של כל מרכיבי הקואליציה 
266212,29/02/2024 12:10,לא תמיד היו אופציות שהתאימו לי. באופן כללי אני חושבת שצריך לשחרר את כל החטופים בבת אחת; ואם המחיר אומר שחרור כל האסירים או הפסקת הלחימה אז כן
268240,29/02/2024 15:20,העם יאמר את דברו. רוב האנשים יודעים מה נכון לישראל בהנחה שמה שמדווחים לנו מדוייק. 
269139,29/02/2024 12:40,חשוב לדאוג לתושבי המדינה שנחטפו מבתיהם / מסיבת טבע רק על בסיס היותם בישראל.....
269291,01/03/2024 8:25,מוכן לעיסקה לא בכול מחיר
270782,29/02/2024 12:23,דם חיילנו לא הפקר ; את עזה היה צריך למחוק מלמעלה עם כמה שפחות סכנה לחיילנו ; בכל מלחמה יש קורבנות - אין צורך להגדיל אותם בשביל להחזיר חטופים - בנתיים מתו יותר חיילים מכמות החטופים ששם.כואב אבל נכון.
272279,29/02/2024 11:48,שבויים צריכים לחזור 
359779,02/03/2024 14:43,אין מה לפרט
381082,29/02/2024 12:03,חשוב לשמוע את דעתם של אנשי הביטחון מוסד שבכ אבל ההחלטה חייבת להיות בקבינט המצומצם 
381483,01/03/2024 12:38,אמל
381907,29/02/2024 13:31,בכל מקרה תהיה זירת לחימה נוספת אחרי השבויים יחזרו
439963,29/02/2024 14:56,ישראל לא צריכה להיכנע לסחטנות של חמאס. רק זה יציל את החטופים
440048,29/02/2024 13:17,הסיוט הגדול ביותר שלנו התקיים. אני קמה בבוקר והולכת לישון עם מחשבה על החטופים והפצועים והמשפחות השכולות. מי שלא איתנו לא סובל. אני לא מכירה אף אחד מהחטופים ואני חושבת שזה כאב של כולנו. אני לא סומכת על הממשלה ולא על העומד בראשה. צריך שינוי. אני מסורתית ; ימין מרכז ובכל אופן חושבת שהשנה האחרונה עם ממשלת ביבי המיטה עלינו אסונות בזה אחרי זה. אבל הכי חשוב; להחזיר אותם הביתה 
453512,29/02/2024 12:11,נדרש להעריך מסוכנות של כל אסיר משוחרר והפוטנציאל לסיכון חיי אדם נוספים עקב שחרורו. בנוסף לדעתי אין בשום פנים ואופן לשחרר אסירים חיים תמורת גופות חטופים
512701,29/02/2024 12:10,אין לי מה לפרט
520946,29/02/2024 12:17,העם צריך לקבוע את ההחלטות לאחר שכל המוסדות נכשלו
524620,29/02/2024 13:52,הגוף השקול ביותר
548903,29/02/2024 14:04,חושבת ששחרור החטופים בעדיפות עליונה אבל צתטערת לא בכל מחיר לא במחיר של רצי של יהודים נוספים אם נפסיק את הלחימה ונשחרר רוצחים
550636,29/02/2024 12:17,לא בכל מחיר 
550801,02/03/2024 21:02,כל החלטה נכונה ומדוייקת שתתקבל בקבינט הבטחוני
563064,29/02/2024 16:49,לשחרר 
577859,29/02/2024 12:18,jbjklj
591096,29/02/2024 18:50,"אני בעד מתווה לשחרור חטופים; גבול אדום עיקרי הוא הפסקת הלחימה. כל השאר יותר דינאמי יותר; בתנאי שניתן יהיה בטחונית לצמצם את הנזק במהלך הלחימה. מבחינתי התנאים שסימנתי אלה קווים מנחים שסביבם ניתן לשחק; בעדיפות להקטין כמה שאפשר את המפתחות של האסירים והימים (בעיקר חומרת האסיר) ע""י משא ומתן ולחץ צבאי גבוה ככל הניתן; כל עוד לא נחתם הסכם. "
596687,01/03/2024 11:46,ללא פירוט נוסף
609268,29/02/2024 14:39,. 
619359,29/02/2024 19:36,הממשלה לא מתפקדת. נתניהו שבוי בידי הזויים קיצוניים.משאל עם יכריע בסוגיה כה חשובה; מה המחיר שאנו מוכנים לשלם כדי להשיב את החטופים
639725,29/02/2024 15:29,כל העסקה אמורה להיות באופן מיידי אחרת אין טעם וכמובן לא לסכן שוב אזרחים במדינת ישראל
651042,29/02/2024 11:39,סאת לא צריכה להיות החלטה של כל העם
672919,01/03/2024 9:22,שהאנשים המקצועיים יטפלו בנושא ולא הממשלה שמנותקת מהמציאות. כדוגמה המשפט שגולדקנופף אמר: מה קשורה המלחמה לממשלה-אין קשר
674338,01/03/2024 16:22,צריך לעשות את המירב לשיחרור החטופים
676370,01/03/2024 8:35,הם הכי מתאימים
699235,29/02/2024 12:39,עחיעחע
722745,29/02/2024 12:29,לא רוצים עסקת שליט 2; ולא שום כניעה לארגון טרור. ממילא זה טוב לראות את דעת הציבור; כמובן בהתאם גם להחלטות אנשי הבטחון.
752915,29/02/2024 11:46,חשוב לא להיות נחמדים מידי עם החמאס; לא לתת להם בכל מחיר
825165,29/02/2024 11:45,הם מקבלי החלטות ורואים את הכל
826073,29/02/2024 12:50,לא לשחרר חטופים במחיר יקר כל כך של שחרור מחבלים כי אם כן המלחמה הייתה לשווא
826735,29/02/2024 15:48,כל עסקת שבויים שתהיה לא אמורה לסכן אנשים בישראל.שחרור מחבלים מסוכנים -סכנה קיומית ליהודים
831231,29/02/2024 15:04,לא
838441,01/03/2024 8:18,"אני סומך על השב""כ והמוסד שיביאו לתוצאה הטובה ביותר; מכוון שהם מוסדות מהטובים בעולם ולא מוטים פוליטית; למרות הכשלון המודיעיני ב7/10.ראש הממשלה שלנו מושחת ואי אפשר לסמוך עליו.נראה לי שאין טעם בהעמקת המלחמה בעזה; מכוון שזה כבר לא ישנה משמעותית את תוצאת היום שאחרי.כשמורדים ארגון טרור אחד; צומח אחריו ארגון טרור אחר.רק פתרון מדיני שכואב לשני הצדדים יביא לנו רגיעה."
842899,01/03/2024 8:45,פשוט מאד חובה למצוא דרך לשיחרור החטופים שלנו וכמה דיותר מהר אך לא לוותר ולדחרר שבויים של האויב בכמויות ולא עם דם על הידיים
843150,29/02/2024 21:03,בהתאם להמלצות הדרג הבטחוני והשבכ
851571,29/02/2024 20:48,אין פירוט 
852975,29/02/2024 22:40,אין לי מה להוסיף 
869102,29/02/2024 12:00,הכי חשוב לשחרר את החטופים
878377,29/02/2024 13:53,להחזיר את החטופים עכשיובכל מחיר
880061,29/02/2024 18:43,לדעתי צריך שייהיה מתווה לשחרר אסיר תמורת שבויי .או הפסקת מלחמה תמורת שחרור שבויים ורק אחרי שהצבא יסיים את כול היעדים שהציב לעצמו 
899571,29/02/2024 21:14,זה אמור לנבוע מתוך שיקולים ענייניים בלבד
910880,29/02/2024 12:46,להסכם ; ולשלום
911690,29/02/2024 20:45,צריך להחזיר אותם הביתה עכשיו!
916180,29/02/2024 15:00,אין לי מה לפרט
954936,29/02/2024 20:45,אין פירוט
957663,29/02/2024 18:12,אם אפשר לאחר שכולם שוחררו ..לפוצץ אותם בלי רחמים את כל המחבלים
958187,01/03/2024 9:49,תודה
1058314,29/02/2024 18:18,חיי החטופים חשובים מכול!
1062177,29/02/2024 18:50,צריך להתחשב גם בעשרה מיליון שחיים בארץ ולא למהר לשחרר רוצחים שיאיימו על הביטחון האישי. כמובן לדאוג ולנסות להחזיר שבויים
1063811,01/03/2024 8:11,יש להקשיב לשבכ והמוסד אך ייתכן ועדיף גם לעשות משאל עם לאחר שמיעת דעותיהם.
1066207,29/02/2024 13:28,לא צריך להסכים לכל דבר צריך לסיים את הלחימה בעזה ולנצחון של ישראל על כל המחבלים למען יראו ויראו שיפחדו מאיתנו שאנחנו לא אפסים כמו שהיינו במשך  75 שנה מאז קום המדינה 
1066991,02/03/2024 16:39,צריכים לעשות הכל כדי להוציא אותם משם; העיקר שחמאס יפסיק לשחק עם חיי אדם; צריך להפוך את זה לכמה שפחות משחק פוליטי כך שתהיה התנגדות גורמים פוליטיים לעסקה מסיבותם הפוליטיות
1069957,29/02/2024 18:07,צריך להחזיר את השבויים המסכנים בדחיפות
1125350,29/02/2024 15:55,לא יודעת
1130213,01/03/2024 9:26,שיחזירו אותם כבר איזה מחדל נוראי תמורת כל מה שיידרש
1130520,01/03/2024 8:46,שהעם יחליט בנושא זה
1142539,29/02/2024 16:28,?!
1143133,29/02/2024 21:11,לא להכנע לחמאס אבל חשוב מאוד לשחרר את כל החטופים
1144233,29/02/2024 17:43,צריכים לעשות ויתורים כואבים ולהחזיר את השבויים.
1144362,29/02/2024 12:48,אין מה לפרט נושא כואב
1144369,01/03/2024 10:50,אסור לעשות שום עסקה אלא צריך להמשיך רגיל במלחמה עד שחמאס יכנע גם במחיר שכל השבוייםיהרגו
1144920,29/02/2024 15:31,צריך לשחרר כל החתולים בבד אחד דרך פעולה צבאית בלי לשחרר מהבית הכלא מחבלים ובלי לעצור מלחמה
1144939,29/02/2024 20:39,0
1145317,29/02/2024 14:02,יש לתת לבעלי מקצוע להחליט 
1158146,29/02/2024 12:18,אין לקהל הישראלי את הנתונים שיש לראשי ומובילי המדינה; בשביל לדעת מה נכון לעשות.ברור שכולנו רוצים את השבויים בבית ומהר. הכי מהר. אתמול. לפני חודש!אבל אם המחיר הוא חיים של אנשים אחרים שעלולים להגבות - מי מאיתנו יכול לקחת הכרעה בלי כל כל כל הנתונים? שאלה כבדת משקל; נוראית; דילמה של חיים ומוות על כל המשתמע וקטונתי מלהכריע בה. רק יכולה ומתפללת שכולם ישובו הביתה בשלום; בבריאות הגוף והנפש; השבויים; החיילים וכל עם ישראל באשר הוא; ידע רק שלווה ומנוחה. אמן ואמן!
1170333,29/02/2024 17:17,ההחלטה צריכה להיות מאד אחראית ולכן צריך לנהוג בענין זה באחריות גדולה
1181917,29/02/2024 16:49,.
1191441,01/03/2024 8:23,יש לנו עסק עם רוצחים חייבים לשנות את המשוואה למרות הקושי העצום
1200675,29/02/2024 14:50,מאוד חשוב שיוחזרו החטופים . אך לא בכול מחיר  .אין דבר בעולם שאמור לעצור את מבצע זה כולל החיזבאללה.לא יפתרו את הנושא היום  נשלם על זה מחר בריבית דריבית 
1205208,01/03/2024 20:00,"הממשלה מתנהלת כמו מתוך חוסר בידע ומקצועיות. המלחמה נמשכת יותר זמן ממה שהייתה צריכה. בהתחלה כל העולם היה בעדנו ועכשיו איבדנו את כולם-גם את ארה""ב. היינו צריכים להכות בכל הכוח בהתחלה ולסיים את הסאגה הזאת שנקראת רצועת עזה. אין שם חפים מפשע"
1208886,29/02/2024 13:24,על המדינה לדאוג לשחרור החטופים במהרה ובהקדם ולדאוג שכל אסיר שמשוחרר יגיע בסופו של דבר לעזה ובבוא העת לחסל את כולם . חבל שלא ממשים עונש מוות למחבלים ולרוצחים 
1222801,01/03/2024 10:14,חשוב מאוד מאוד מאוד שישראל תגן על עצמה ולא תכנע לתכתיבים של מדינות אחרות.המכה שספגנו היא קשה מנשוא ואסור לתת לכך פתח נוסף חלילה. כל ויתור יגרור הצלחה של החמאס שרק יגבר לו התאבון להמשיך חלילה.חובה עלינו ליישב את חבל עזה על מנת להביא שקט ובטחון לכל אזרחי ישראל. ( גם הערבים שרוצים שלום יהנו מכך מכיוון שתחת שלטון חמאס או הרשות הפלסטינית הם לא מקבלים דבר לקידומם החינוכי והכלכלי והמוסרי.)
1229906,29/02/2024 17:45,צריך לשחרר את החטופים במידי
1272569,29/02/2024 11:44,.
1272832,29/02/2024 15:00,הקבינת המורחב מערב יותר מדי פוליטיקה
1272918,29/02/2024 14:33,כמו שכתבתי הצבעה בקבינט המלחמה
1273445,29/02/2024 16:45,אני לא סומכת על הממשלה הרחבה. החלטות צריכות להתקבל רק בקבינט המצומצם.
1273548,29/02/2024 18:42,באמת שלא מגיעה לימס שום הםסקת לחימה אבל פדמון השבויין והחטופים כל כך חשוב שאין ברירה
1279391,29/02/2024 17:13,את המתווה ישראל צריכה לתת ולא חמס הרי אל ידינו על העליונה אזי אנחנו צריכחל להעמיד תנאים. 
1280085,29/02/2024 16:37,לשאול את האזרחים מה הם רוצים לעשות ואיל לשחרר אותם
1281992,29/02/2024 14:39,בשום אופן לא להפסיק לחימה. הפוגה של יום תמורת חטוף. מקסימום. ארכי רוצחים לא לשחרר 
1284178,29/02/2024 17:52,ככה הכי מתאים לדעתי שכל שר  בממשלה יביע את דעתו
1284302,29/02/2024 15:13,חשוב מאוד להחזיר את החטופיםאבל חשוב לא פחות לשמור על ביטחון המדינה וכלל אזרחיה ולא לעשות דברים שיפגעו בביטחון כולם
1286949,29/02/2024 15:13,מבחינתי לשחרר את כל המחבלים תמורת כל השבויים ביחד (ולא לשמרון!! להגלות אותם למדינות ערב). הפסת לחימה רק לאחר חיסול בכירי חאמס ברצועה ובעולם.מתשובתכם בחרתי את הקרוב ביותר לדעתי.
1290402,29/02/2024 17:50,"אסור שהאסירים המחבלים יחזרו ליו""ש"
1301554,29/02/2024 13:40,לאיזה כיוון שלא ניקח את זה; אם סופיות הפעולה לא תהיה ניצחון מוחץ על החמאס מעשית ונראותית; החיים של כל יהודי בארץ וגם בעולם לא יהיו שווים הרבה יותר מקליפת שום!!!
1301631,29/02/2024 12:19,אין לי מה להוסיף
1302556,29/02/2024 21:40,"אין אימון בפיקוד הצבאי הראשיכנ""ל בראשי מערכות בטחון אחרות; כמו שב""כ ומוסדהם כשלו והם האחראים הישירים לטבח; לכן כל החלטה צריכה לקבל את החלטת הכנסת "
1303168,29/02/2024 14:46,"פדיון שבויים הוא ערך עליוןאך צריך להתחשב שכל פעם שאוייבינו שומעים שאנו מוכנים לתת יותר או לחלופין רבים בנינו הם מעלים את הרף.יש צורך לעשות הכל בחשאיות ולתת כל מחיר שידרש לפי אנשי המקצוע קרי שב""ש וכו"
1452761,29/02/2024 13:27,הכי חשוב להחזיר את החטופים; כמובן שצריך להיות הגיוניים ולא להסכים לכל תנאי. אך נתמודד עם ההשלכות אחרי שכולם יחזרו הביתה
1453744,29/02/2024 17:35,לא יודע
1472024,29/02/2024 20:20,"אני לא יודעת כ""כ"
1501487,01/03/2024 10:45,לשחרר את החטופים מיד;ולשחרר ראש ממשלה השונא את עמו.
1502032,01/03/2024 19:53,הם יודעים הכי טוב בנוגע לזה
1503590,29/02/2024 14:49,אני לא בדרג המדיניאבל זו דעתי 
1504810,29/02/2024 19:10,מה שחשוב זה להחזירם הביתה
1516679,29/02/2024 18:59,אין מה לפרט
1517735,29/02/2024 15:35,אני חושבת שהחזרת החטופים זה בראש סדר העדיפויות אבל אסור להפסיק את הלחימה
1518490,01/03/2024 12:06,לא יודע
1520124,01/03/2024 8:53,המוסד והשב״כ יודעים בדיוק מה הטוב לישראל
1520811,01/03/2024 8:08,.
1522425,29/02/2024 11:36,כשזה לא יסכן את החיילים שלנו 
1524470,29/02/2024 16:53,לדעתי החמס במצב קשה מאד נצור במנהרות  אין מזון חסר אור השמש ולכן אפשר להכניע אותו ולכן חייבים להכנס לרפיח ואז תנאי העסקה יהיו הרבה יותר טובים
1531192,01/03/2024 9:58,דנוקרטיה
1535603,01/03/2024 8:24,אין פרוט
1545041,29/02/2024 14:02,כל דין ודברים עם נאצים פוגע בכל היהודים בכל מקום.צריך לשטח את עזה עד ש מנהיגים שלהם יצאו עם ידיים למעלה ויתחננו להחזיר את החטופים.בינתיים לא הראו אות חיים מהם.אין עם מי לדבר!רק להחריב אותם יעזור למי שעדיין חיי;מה שנראה שאין אנשים חיים
1545292,01/03/2024 10:22,כי הם גופינהבטחון מבינים יותר מאחרים ומקצועיים
1557977,29/02/2024 12:50,אין יותר
1558462,29/02/2024 14:24,אין
1565333,01/03/2024 10:20,אין לי פירוט
1567127,29/02/2024 14:59,החלטה של הצבא 
1571450,01/03/2024 21:48,تت
1579379,29/02/2024 13:44,כל החטופים בחוץ בלי הפסקת מלחמה
1579894,29/02/2024 15:47,זה נושא מאוד מורכב ששום צד לא יצא בו מרוצה 
1597087,29/02/2024 18:44,אני חושבת שחייב חייב להחזיר את החטופים במהרה אבל לא להפסיק ליותר מידי זמן את הלחימה 
1597104,29/02/2024 16:07,אין מה לפרט
1597165,29/02/2024 22:52,זה דבר רגיש ביותר שיש עבורו חילוקי דעות מכל העם כל אחד לפי האמונה שלו או הקו הפוליטי או הדתי או החברתי לכן ממומלץ להיות פאנל סגור של השבכ והמוסד שיחליטו
1603345,01/03/2024 23:45,על כל הישראלים לחזור למשפחות שלהם
1604348,29/02/2024 21:49,אין
1606139,29/02/2024 13:38,זה נוגע לכל העם
1619970,01/03/2024 21:39,........
1626905,29/02/2024 19:48,השבויים צריכים להיות ראשונים ושהחיילים יחזרו הבייתה בריאים ושלמים
1627362,29/02/2024 14:35, למדינת ישראל חשוב יותר מכל החזרת כל החטופים החיים והמתים.2 להמשיך לשטח את עזה כולל רפיח ולהחזיר את התושבים לבתיהם.שיחיו לבטח ללא כל פחד והרתעה מצד חמאס. יום
1627415,01/03/2024 11:00,העם הוא החלק הכי רגיש בעניין וכל חטוף וכל נהרג לא משנה באיזה צד זה הפסד ענק 
1628250,01/03/2024 2:00,לפי הרוב
1636957,01/03/2024 8:55,צריך. לשאול לדעתו של רוב העם; מה הוא חושב לגבי שחרור אסירים; כי בסוף זה הגורל של כולנו. המחבל שישתחרר היום עלול להיות הרוצח שלי מחר 
1638893,29/02/2024 12:58,אין צורך
1640338,29/02/2024 22:36,יש לישראל כוח ויכולת לעמוד על עמדה קשוחה בנושא האסירים ויתרון צבאי וכלכלי 
1641509,29/02/2024 21:35,הנושא סופר חשוב
1642116,29/02/2024 22:04,"לפעול לפי המחצת שב""כ"
1652010,29/02/2024 21:15,"לבדוק מה הדיעה של העם ולא החלטה של 120 ח""כ"
1652033,01/03/2024 14:12,אין מה לפרט גם כך דעתי בנושא הזה לא תשנה החלטות מדיניות בדרג עליון
1652057,29/02/2024 21:18,שחרור החטופים  הכי חשוב מהכל
1652064,29/02/2024 22:17,נבחרי העם הרי
1652096,01/03/2024 5:38,נשאל עם
1652187,29/02/2024 18:09,הרמטקל צריך להחליט ולא ראש הממשלה
1652204,01/03/2024 9:49,גורמים מקצועיים ולא פוליטיים
1652465,29/02/2024 20:08,אנו. רוצים שלום
1653738,29/02/2024 20:45,שחרור חטופים בהקדם
1653748,29/02/2024 18:44,א
1654099,29/02/2024 17:47,"מי ה""שבויים""?  ההשוואה בין אסירים לחטופים איננה מקובלת!  עיקרונית שיחרור אסירים מהווה עידוד לתהליכי חטיפה עתידיים - גלעד שליט והתוצאה ..... "
1657008,29/02/2024 14:43,אין תוספת
1657030,29/02/2024 18:32,צריך שיהיה רוב של חברי הממשלה 
1657195,29/02/2024 16:33,אין מה להוסיף
1657365,29/02/2024 14:00,חשוב לשחרר אותם
1658942,29/02/2024 13:19,אין בידי הקהל הרחב את כל המידע כדי להחליט ולכן אני סומך על הקבינט המצומצם.
1658996,29/02/2024 19:13,אין מלפרט
1659108,29/02/2024 18:05,כגבבבב
1659356,29/02/2024 18:39,לא
1660531,29/02/2024 16:47,זהו
1660659,29/02/2024 14:52,חובה להשיבם
1661110,29/02/2024 14:36,צריך לעשות הכל כדי להחזיר את השבויים;אבל לא בכל מחיר כי חמאס מנצל זאת וראינו כבר מה קרה בשיחרור אסירים קודמים שחזרו לעסוק בטרור 
1661116,29/02/2024 18:22,זה לא יקרה כי את נתניהו מעניין ה 64
1661673,29/02/2024 12:42,חייב להפסק את המלחמה 
1662026,29/02/2024 17:57,לא להפסיק את הלחימה
1670265,29/02/2024 15:59,השבכ יודע טוב יותר מאזרחי המדינה על המצב הבטחוני 
1673231,29/02/2024 13:56,החזרת החטופים והנעדרים הכוללת חיילים ואזרחים בעדיפות עליונה. ולא לשכוח את הדר גולדי ואורון שאול.
1673426,01/03/2024 12:45,45
1673579,01/03/2024 21:38,אין עזקה איתם
1673663,29/02/2024 11:46,ייייי
1674846,29/02/2024 18:49,חשוב לשחרר את כל החתופים בכל מחיר
1674860,29/02/2024 18:12,עדיף מאשר שיקולים פוליטיים
1719001,29/02/2024 20:38,מה שסימנתי
1719393,29/02/2024 14:41,הם היחידים שיודעים מהן ההשלכות על בטחון המדינה
1719406,29/02/2024 15:27,לא מעניין
1721139,29/02/2024 14:35,צריך להגיע במהירות לעסקה שתביא לשחרור כל החטופים ולשם כל מחיר שיידרש עבור השחרור
1798944,01/03/2024 9:55,בגלל הרגישות
1798951,01/03/2024 10:20,4
1800110,29/02/2024 14:18,להחזיר צהל את כל מנוי הלחץ  שהתפוגגו . מכבד ואוהב את ביידן מאוד ; אלא שחייבים לקיים אתו דיון נוקב . ולפחות לזמן מסוים להפסיק את הסיוע ההומניטרי שכלל לא מגיע לחוטפינו ושלא יספרו לנו סיפורים שאין להם מה לאכול . כי הכל אצל החמאס . שייצאו נגדו ומהר. הוא מונע את המזון מהאוכלוסייה שלו. 
1800492,29/02/2024 20:41,משאל עם זאת הדרך הטובה ביותר להתמודד עם שאלה כזאת
1808676,29/02/2024 16:49,אין משהו מיוחד
1809197,29/02/2024 15:20,"שחרור השבויים במעלה הכי גבוהה אך צריך לבדוק את הנסיבות ע""י מקבלי ההחלטות שאף אחד לא יכול להתיימר להתחלף איתם וזאת במטרה להשיג את הניצחון שיאפשר חיים תקינים לתושבי ישראל "
1809291,29/02/2024 13:39,צריך לתת ביטחון במדינה
1809548,02/03/2024 19:07,ארגונים שאני סומך עליהם
1809751,29/02/2024 16:43,thi
1809937,29/02/2024 14:42,להסתמך על השבכ והמוסד ולהחזיר קודם כל את החטופים זה חובה
1810298,29/02/2024 13:48,השבק והמוסד הם הגופים שעליהם לעסוק בסוגיה זו
1810377,29/02/2024 23:31,מממ
1810549,01/03/2024 0:07,"ההחלטה היא צריכה להיות החלטה מדינית וביטחונית; השב""כ יודע מצוין."
1810593,29/02/2024 15:46,חיי אדם חשובים ולא צריך לחשוב פעמיים 
1810683,29/02/2024 13:57,לצורך עיסקת שבויים
1810990,01/03/2024 9:01,מאחר ואני לא סומכת בכלל על מקבלי ההחלטותקשה לי להחליט מי אני רוצה שיקבע איך להתנהל
1811014,29/02/2024 15:17,שחרור כל החטופים במחיר של שחרור אסירים ומיד חזרה ללחימה לחיסול החמאס סופית 
1811318,29/02/2024 21:46,חייב לשחרר אותם עכשיו
1811479,29/02/2024 14:44,רק אנשי הקבינט צריכים להגיע להחלטות בלי אנשים מסביב שלא שייכים לקבינט
1819472,29/02/2024 20:40,לא יודעת
1829361,29/02/2024 15:40,יש להחזיר את החטופים בדרך חכמה שלא תפגע בביטחון המדינה
1829418,02/03/2024 1:16,שום חטוף לא שווה חיים של ישראלים שירצחו בגלל מחבלים שיצאו מהכלא 
1829574,01/03/2024 17:01,חושב אפילו שצריך לעשות משאל עם
1829687,29/02/2024 14:37,צריך לרדת על הברכים על מנת לשחרר את כל החתופים.
1829693,29/02/2024 13:44,כך נראה לי
1849710,29/02/2024 16:56,אין פירוט נוסף
1855252,01/03/2024 9:44,לא לתת לקיצוניים של הכנסת להחליט
1855462,29/02/2024 14:41,הצבעה בכנסת על מנת שההחלטה תהיה בהסכמה רחבה ככול היותר. באופן חריג הייתי מאפשר גם משאל עם תוך הדגשת הצורך לבחירות באופן מיידי
1855560,29/02/2024 14:41,תנו לצהל לנצח - למוטט את הטרור שמאיים על ישראל מכל הגזרות
1856169,29/02/2024 20:58,ט
1856294,29/02/2024 18:09,הרוב קובע
1859725,29/02/2024 15:05,חשוב לתת לעם להיות חלק בהחלטות כה חשובות
1859804,29/02/2024 22:15,כואב על החטופים ושאף הורה לא יחווה את זה היה צריך להחזיר אותם מהיום הראשון כואב על המשפחות 
1859919,29/02/2024 17:54,צריך להביא לשחרור כל החטופים כולל גולדין ואורון שאול ללא תנאים. להראות שליטה במלחמה.
1860023,29/02/2024 17:05,הסכמה של כנסת ישראל 
1860427,29/02/2024 20:37,ככל שישנם פחות אנשים כך הסיכוי להדלפה ולשיבושים בהמשך פוחת
1861128,29/02/2024 15:47,חברי הכנסת מחליטים יותר הם נציגי הציבור וגם המשפחות של הנחטפים
1861137,29/02/2024 15:52,הרוב מעוניין בהחזרת השבויים 
1861164,29/02/2024 19:05,שיחרור החטופים נינו העדיפות עליונה אבל אסור להפסיק את הלחימה אחרת 7 באוקטובר  יחזור על עצמו וכל השגי צהל ימחקו . במקביל יש לדאוג גם לתושבי הצפון שאצלם המלחמה הולכת ומתגברת וטרם נמצא פיתרון  לחיזבלה 
1861188,02/03/2024 15:32,אין
1863866,29/02/2024 18:18,"מי שנפגע מאס התאריך 7/10 ועוד הרבה שנים אחורה . הם אנחנו האזרחים.  בנוסף יש הורים לחטופים שהם בעצמם נגד עסקת שבויים . בסופו של דבר מי שנםגע בלי שום קשר לאיקוע שהיה זה אנחנו האזרחים.. שיחרנו מחבלים ימותו חנו יותר אזרחים. ועכשיו כשאני רושם את זה היה פיגוע של ""שוטר"" פלסטיני בתחנת דלק בעלי עם נשק שיצחק רבין נתן.. אז תגידו לי אתם מי צריך להצביע? בזמן שהממשלות וחא משנה מי עושים טעויות על חשבון האזרחים . הם מוגנים. יש להם מהבטחים אישיים. יש להם כסף.. אנחנו לא סוג ב' (האזרחים)"
1863881,29/02/2024 17:06,אין 
1863929,29/02/2024 13:10,לצערי לא ניתן לסמוך על השבכ ולא על ראש אמן והרמטכל ושר הבטחון ; כולם אשמים במחדל הקשה וצריכים לתת את הדין ולהיות אתמול מפוטרים 
1863999,29/02/2024 13:47,לא בכל מחיר; להעצים את הלחימה ולהשתלט מהר על רפיח; וזה כבר יגרום לעסקה מהירה
1864060,29/02/2024 20:32,קבינט מצומצם וגם ממשלה
1864178,29/02/2024 14:46,"שב""כ ומוסד יודע יותר מכולם מה נכון לעשות"
1864205,29/02/2024 15:04,יחד ננצח
1864212,29/02/2024 12:39,עדיף שכול הממשלה תצביע וזה הכי הגון
1864341,29/02/2024 13:37,צריך לשחרר את החטופים ללא תנאי
1864780,29/02/2024 20:07,בחלק מהשאלות היה ניתן למצוא 'ביניים'. למשל 5 ימים לכל שבוי ולא 1 או 10
1870403,29/02/2024 15:10,מי שמנהל את הלחיצה צריך להחליט במקרה הזה הקבינט
1870452,29/02/2024 19:27,No
1870762,29/02/2024 19:39,צריך להקשיב לדעת העם
1870980,29/02/2024 18:21,.
1871322,29/02/2024 23:36,אין לפרט
1871331,29/02/2024 17:02,הכי חשוב להחזיר אותם
1871719,29/02/2024 16:20,אין מה לפרט
1872028,01/03/2024 18:32, להשוות כל השווים ולהפסיק לחימה ולהגדיר מדינה לשני עמים 
1872039,01/03/2024 8:15,בעלי ידע והניסיון 
1872317,29/02/2024 20:43,העיקר לסיים את המלחמה כמה שאפשר ושכל האנשים יחזרו למשפחותיהם 
1872428,29/02/2024 13:09,רק שיחזרו
1872479,29/02/2024 17:12,לשבכ ולמוסד יש יותר נסיון
1872528,29/02/2024 14:12,פירוט
1874921,01/03/2024 1:01,לשחרר את החטופים רק בניצחון על האוייב והבסה שלא
1875019,29/02/2024 17:41,אין
1875271,01/03/2024 21:44,יש לשחרר את כל החטופים ולא רק חלק. כבר 5 חודשים שהם נמצאים שם. אם משחררים אז את כולם!!!!!!!! ואם את כולם אז שישחררו מי שיבקשו.
1875295,29/02/2024 13:53,אין
1875382,29/02/2024 17:01,נושא מסובך מורכב ורגישנדרשת ראייה וגישה שמשלבת היטב בין הרצון לשחרר השבויים לבין הקפדה יתרה על ביטחון ישראל ושמירת אפקט הארתעה כלפי חמאס והמדינות הצופות בהתנהלות של המדינה בנושא זה
1875523,29/02/2024 17:14,להחזיר את השבויים עכשיו
1875531,29/02/2024 18:58,איןצפירוט
1875541,29/02/2024 13:38,אין לי מה לפרט
1875613,01/03/2024 10:05,אני כאזרחית דואגת לעתיד חושבת שצריך לחשוב גם על העתיד של עם ישראל בהחלטות האלה אני לא רואה ביטחון במצב כזה שעוד מחבלים ישתחררו והיה לנו שוב ה7 באוקטובר. שנדע ימים טובים יותר
1875631,29/02/2024 20:56,ככול שיש יותר מקבלי החלטות תהיה בעיה להגיע להסכמה. ההחלטה של הקבינט המצוצמם צריכה להיות תוך התחשבות בגורמי הבטחון אך ההחלטה של הקבינט בלבד (לדעתי). צריך ללחוץ על הצד השני להגיע לעיסקה טובה יותר ואפשר ללחוץ. 
1875699,29/02/2024 17:10,לפעול בנחישות וברגישות
1875764,29/02/2024 19:28,ההחלטות יתקבלו עי הקבינט בלבד.בכל מה שקשור למלחמה. יש שם אנשים מספיק מנוסים ובדיוק מי שצריך בשביל ההחלטות האלו כגון גדי אייזנקוט ובני גנץ
1875781,29/02/2024 14:44,ג
1875991,29/02/2024 13:49,יש לי בעיות משפחתיות
1875998,29/02/2024 13:57,י
1876065,29/02/2024 14:35,רק העם מחליט! כי השבויים הם אנשים כמונו; לכן העם יחליט
1876112,29/02/2024 14:36,.
1876196,29/02/2024 15:26,הסכם שיועיל קודם כל לשבויים ולמדינת ישראל
1876339,29/02/2024 14:36,שחרור החטופים הינו נושא בחשיבות עליונה אך הוא חלק בלתי נשפרד מהלחימה לקיום מדינת ישראל; לכן יש להתייחס למתווה ולהחלטה בהתייחס להשפעה שתגרם לעמדת ישראל כלפי חיסול החמאס ושחרור עזה משלטון החמאס
1876364,29/02/2024 14:39,שישוחררו כל החטופים
1876489,29/02/2024 13:55,שחרור כל השבויים זה ערך עליון
1876524,29/02/2024 13:57,.
1876535,29/02/2024 12:54,אין סיכוי לנצחון מוחלט ולא משנה כמה זמן נילחם.  לחטופים ולמשפחות לעומת זאת יש תאריכי תפוגה. כל יום בשבי זה נזק בלתי הפיך לכולם
1876698,29/02/2024 14:28,אין מה לפרט
1876725,29/02/2024 20:35,.
1876845,29/02/2024 19:04,בכנסת יש אופציה ליותר דעות שמשקפות את האזרחים
1876888,01/03/2024 14:54,Could trust their decision. 
1876922,29/02/2024 14:31,אין צורך בדיעות של אנשים לא מקצועיים בנושא
1876959,29/02/2024 19:52,צריך לשחרר את החטופים עם מינמנום שחרור של אסירים בטחוניים
1877046,29/02/2024 13:16,אין לע מה להוסיף
1877048,29/02/2024 21:04,לעשות כל מה שאפשר עמ להחזיר את החטופים 
1877058,29/02/2024 15:46,יש לשקלל את ההשלכות לעתיד של כל החלטה בהתאם לתורת המשחקים
1877062,29/02/2024 16:06,אני חושב שצריך לעשות עסקה אבל להמשיך לחסל את החמאס ולכבוש את הרצועה
1879102,29/02/2024 18:44,הקבינט המצומצם תפקידו במלחמה רב ביותר ; והם אחראים על מה שמשתמע בעיניין המלחמה והחטופים לשם כך התכנסו; והם מקצוענים
1879112,29/02/2024 13:29,לא משנה מה התנאים העיקר שיפסיקו את המלחמה מכל הכיוונים
1879118,29/02/2024 13:32,לא
1880476,29/02/2024 16:18,הכנסת זה גוף הכי גדול מכל השאר. לא כולל משאל עם שזה כבר מורכב מידי
1880678,29/02/2024 20:37,צריכים להיכנס בערבים (מחבלים) באימא שלהם ולהוציא מהם את החטופים בכוח ושהם יתחננו שנקח מהם את החטופים ואז לצמצם אותם בגבול רפיח או כמו שהם רוצים לראות אותנו בים
1880788,29/02/2024 15:13,תודה
1880798,29/02/2024 17:21,"אני סומכת כיום יותר על השב""כ ועל המוסד מאשר על חברי הממשלה; ובייחוד על זה שעומד בראשה. "
1880835,29/02/2024 20:47,אין מה להוסיף
1880837,01/03/2024 7:59,שחרור חטופים בכל מחיר ..עכשו..
1880856,29/02/2024 15:01,אין
1880944,29/02/2024 14:53,עכשיו 
1880984,29/02/2024 13:41,יש אנשים שיותר מבינים ממני ואיך הדברים ישפיעו
1880987,29/02/2024 14:40,נכון שיש חטופים; לבי עם המשפחןת ואני לא יכול לשים את עצמי במקומן אבל טובת 10 מליון התושבים של מדינת ישראל עולים על טובתם של 134 חטופים שנשארו(חלקם מתים). שחרור אסירים היום! יביא לנרצחים רבים יותר מ 134 בעתיד.הקבינט המצומצם הוא האנשים שנושאים באחריות לדברים הטובים שקורים המדינה אבל גם לדברים הקשים שצריך להחליט והם אחראים לכך שטובת המדינה תהיה ראשונה.שוב עם כל הכאב שבדבר; טובת המדינה עולה על החזרת 134 החטופים שנשארו (אני אישית הייתי גם נגד העסקאות הקודמות)
1881029,29/02/2024 16:26,שלום רבהחזרת שבויים היא משימה ראשונה במעלה וחשובה מאוד. יש להציל את החטופים ללא דיחוי.לדעתי משא ומתן יעיל ונכון יוביל לקבלת כל החטופים במינמום מחיר שנצטרך לשלם.
1881145,29/02/2024 13:46,‏שחררו את החטופים
1881148,29/02/2024 14:34,לפי מה שיוחלט בפורום ממש מצומצםבלי השפעות מבחוץ
1881151,29/02/2024 20:32,הצבעה בקבינט המלחמה וקבלת המלצות מגורי הבטחון השונים
1881157,01/03/2024 8:22,העם צריך לבחור מה לעשות
1881158,29/02/2024 15:14,העסקה צריכה להיות ראלית עם צמצום פגיעה בביטחון ישראל
1881204,29/02/2024 17:27,אין לי 
1881239,01/03/2024 8:24,אין
1881241,29/02/2024 15:37,החלטתה של העם 
1881284,01/03/2024 18:19,חייבים לסיים
1881285,01/03/2024 8:43,אין לי מה להוסיף
1881366,29/02/2024 13:53,איני יודעת לפרט בנושא
1881435,29/02/2024 13:19,אין
1881472,29/02/2024 20:40,אין
1881494,01/03/2024 9:11,לסמוך על גורמי מקצוע וביטחון
1881632,29/02/2024 13:13,אין לי דעה נוספת 
1881640,29/02/2024 13:57,חושבת שלהחזיר אותם זה דבר חשוב מאוד כולם יודעים את זה.לא לתת לחיות האלו להחלית. ולא לחכות יותר אין לחטופים זמן יותר
1882401,29/02/2024 17:17,"צריך להסתמך על חו""ד"
1882417,29/02/2024 14:48,שהיה החלטה גורפת
1882442,29/02/2024 12:50,אני  חושב שצריך לקבל החלטה חד משמעית והיא כל החטופים ביחד ורק כנגד קבלת כולם אפשר לשחרר את ומצידי כל המחבלים שאחרת מה יעלה בגורל אלו שישארו בשבי ?  יינמקו שם ?
1882518,29/02/2024 14:53,.
1882540,29/02/2024 15:37,העם צריך לקבוע
1882595,29/02/2024 13:16,אני מאוד מקווה שישתחררו החטופים
1882834,29/02/2024 15:04,החזרת השבויים על ידי לחץ צבאי על חמאס
1882846,29/02/2024 17:21,לעשות הצבעה בכנסת
1882865,29/02/2024 14:34,ללא השבת החטופים אין למדינה זכות קיום
1882889,29/02/2024 14:07,לא בכל מחיר 
1882951,01/03/2024 2:53,אין לח
1882965,29/02/2024 18:30,לא בכל מחיר. 
1882989,29/02/2024 13:51,צריך להחזיר את החטופים בפעילות צבאית וחא בעסקה
1883093,29/02/2024 12:34,סימנתי ככה כי חשוב שמדינת ישראל לא תצא פראייר לאוייב.
1883421,29/02/2024 12:49,שיהיה משהו נרחב כמעט לכל הדעות
1883440,29/02/2024 14:47,לעשות הצבעה על כל הצעה וכמה קולות שיהיו יותר לכל הצבעה היא ההצבעה שתתקבל
1883463,29/02/2024 14:57,K
1883473,29/02/2024 14:44,.
1883476,29/02/2024 14:03,גורמי הביטחון 
1883484,29/02/2024 21:00,
1883498,29/02/2024 13:14,כן
1883502,29/02/2024 15:51,רק גורמים מקצועיים 
1883525,29/02/2024 14:03,אין
1883534,29/02/2024 15:00,עם ישראל חיאנחנו ננצחונביא את הראש של סינוואר החרא לישראלכל החטופים יחזרו בעזרת ה'צהל ינצחעם ישראל חייי!!!כולם מקנאים לנו כולם שונאים אותנו בגלל הדת!! בגלל היהדות לא בגלל שטח אדמה ולא בגלל חרטה...רק בגלל שאנחנו יהודים נקודה
1883639,29/02/2024 12:58,א.מ.ל
1883654,29/02/2024 20:49,.
1883746,02/03/2024 18:38,הקבינט המצומצם מקבל מהצבא והשבכ נתונים והוא צריך להחליט 
1883816,29/02/2024 13:57,מאוד מאוד חשוב לשחרר את כולם; גם תמורת הפסקת הלחימה. ממילא כשחמאס יפר את הפסקת האש; והוא יפר; אפשר יהיה להילחם שוב. אז לא בכל מחיר; אבל אפילו מחיר גבוה כדאי; וכמה שיותר מהר; לפני שירצחו את כולם. לא רוצה לחזור לטראומת רון ארד
1883865,29/02/2024 12:52,אני חושב שיש הרבה שיקולים שכאזרח אני לא יודע 
1883877,29/02/2024 17:50,אין 
1884697,29/02/2024 12:37,לא יודעת
1884985,29/02/2024 15:06,אסור להיגרר לדרישות של מחבלים
1885132,29/02/2024 12:43,צריך להגיע לתנאי שכל החתופים יחזרו
1885255,29/02/2024 20:38,שישחררו כבר את כל השבויים ויתנו להם כמה אסירים ושימשיכו להילחם עד הסוף החיילים שלנו 
1885257,29/02/2024 14:38,אין פירוט
1885351,29/02/2024 17:00,לא לשחרר רוצחים עם דם על הידיים
1885367,29/02/2024 12:46,שחרור מהיר
1890517,29/02/2024 13:36,לא סומך על מערכת הביטחון הכושלת רק העם יחליט מה טוב
1890568,29/02/2024 15:12,יש להם את היכולת הגדולה לדעת בדיוק מה טוב
1890573,29/02/2024 17:35,אסור להסכים מיד לכל הצעה אבל צריך גם להיות ריאלי
1890609,29/02/2024 15:08,החטופים והחטופות אזרחים וחיילים חייבים להשתחרר בכל מחיר שידרש.למדינה שלנו אין את הזכות להפקירם שוב לאחר מכן.מבחינתי שנפר את ההסכם ושנעשה כל שידרש כדי לחסל את החמאס ולבנות יישות אחרת בעזה.
1890685,29/02/2024 17:21,"אין תשובה אחת נכונה; על אף שהסקר מאלץ אותנו לבחור כזועניינן השבויים הוא נושא כאוב ולעתים יש רושם בציבור שלא ננקטים צעדים להחזירם ושיש שאננות.פחות פוליטיקה - יותר תכלס; תנו לצה""ל ולמערכות הביטחון לעבוד ולתת תוצאות - החיילים שלנו הם היחידים שלא מונעים משיקולים פוליטיים אלא מציונות גרידא!עם ישראל חי! "
1890725,29/02/2024 17:35,לא להסכים לשום מתווה להחזרת אסירים ביטחוניים אחרת אנחנו מפסידים הכל ;יבצעו שוב ושוב פיגועים וברגע שהם משוחררים מבחינתם ניצחו.להשמיד את כל המחבלים הארורים .
1890730,29/02/2024 21:10,רק המוסד והשב?כ יכולים לקנות למי  לאשר שחרור זה אסירים שינקמו בנו
1890733,29/02/2024 18:00,בלי שחרור החטופים (הם לא שבויים; כי הם לא שבויי מלחמה. הם אזרחים שנחטפו) לא יישאר אמוון במדינה
1890736,29/02/2024 20:24,י
1890750,29/02/2024 13:12,כמה שיותר אנשים צריכים לקבל את ההחלטה
1890815,29/02/2024 16:46,אני חושב שהכנסת מייצגת את בחירת העם יותר מהממשלה
1890869,29/02/2024 14:16,עסקה לא בכל מחיר
1890895,29/02/2024 17:34,צריך להתרכז בלחימה לפני בלי הפרעות
1890922,29/02/2024 14:11,משאל עם
1890970,29/02/2024 16:00,החזרת החטופים עם התנאים שלנו 
1891086,29/02/2024 18:50,.
1891142,29/02/2024 12:57,יש לשחרר את החטופים ;ללא זה שיחזירו אותם הביתה זה הפסד במלחמה.
1891164,29/02/2024 14:13,לא כל המידע נמצא ברשותינו האזרחים; לכן החשוב הוא להקשיב לכוחות הביטחון והמודיעין על מנת להחליט על דרכי פעולה.
1891197,29/02/2024 13:11,לבחזיר אותם עכשיו
1891216,29/02/2024 13:08,הם הסמכות שהכי מבינה בעניין
1891239,29/02/2024 12:54,חטופים אכן זה נושע חשוב מאוד. אך יש את טובת כלל עם ישראל; ולכן צריך להיות זהירים מאוד לפני ביצוע עסקה. כ''כ ; כבר הוכח מעל לכל ספק שלחץ צבאי מביא תוצאות. 
1891261,29/02/2024 13:37,כניעה מוחלטת.כותשים את האויב עד שיכנע וישחרר את החטופים.ואז לכתוש עוד. שום דבר אחר; אחרת יהיה עוד 7.10
1891263,29/02/2024 17:36,יש לבחון את המצב בעיקר מבחינה צבאית.אולי קצת מדינית - אבל מי שאמור לקבוע את הטון זה בהתאם ליכולת הצבאית של המדינה
1891264,29/02/2024 17:30,ש
1891284,29/02/2024 13:01,מבחינתי העיסוק הציבורי יוצר את המחיר הגבוה אותו אנחנו משלמים.מחיר זה עלול חלילה ליצור את הפיגוע והחטיפה הבאים. ראה עיסקת שליט
1891664,29/02/2024 14:47,אין לי פירוט נוסף
1891666,29/02/2024 13:43,הגורמים שהכי מוסמכים לנושא
1891671,29/02/2024 20:15,למען הביטחון צריך לשלם מחיר כבד
1891706,29/02/2024 13:52,שיקולי מודיעין מהשב?כ והמוסד. 
1891717,29/02/2024 13:34,חשוב מאוד להחזיר את החטופים
1891721,29/02/2024 16:30,לא מעוניינת לפרט 
1891746,29/02/2024 21:04,אין לי מה
1891776,29/02/2024 15:07,עכשיו
1891791,29/02/2024 17:33,.
1891812,29/02/2024 21:19,חייבים להחזיר אותם הביתה ולא להתקפל מצד שני
1891859,29/02/2024 14:40,אין מה
1891863,29/02/2024 21:09,לא יודעת
1891871,29/02/2024 13:38,על הקבינט המצומצם לשקול ולהחליט בהתאם להמלצות הדרגים המקצועיים: צהל; שבכ ומוסד
1891893,29/02/2024 12:35,לדעתי אסור לשחרר אסירים בשום פנים
1891900,29/02/2024 17:34,ביטחון והרתאה
1891915,29/02/2024 17:06,.
1891924,29/02/2024 12:43,שבכ ומוסד לדעתי חשופים למידע רגיש ויכולים לקבל החלטות בנושא זה
1891941,29/02/2024 14:45,צריך לזכור שהמחבלים עם דן על הידיים 
1891969,29/02/2024 13:38,קודם כל צריך לשאול את האזרחים איך ומה לעשות כי הבאנו שהממשלה לא יודעת לעשות זאת
1892012,29/02/2024 16:25,שב?כ ממשלה וצבא בייד
1892271,29/02/2024 13:36,בעלי הידע המדויק ביותר וההיכרות הנכונה ביותר מול האויב 
1892330,29/02/2024 14:21,הם הגורמים המקצועיים
1892362,29/02/2024 15:23,המלחמות לא ייגמרו וכך גם המחבלים. אבל הייתי רוצה שהמדינה תעשה הכל אם אני הייתי בשבי או מישהו קרוב אליי. לכן לא משנה כמה אסירים נשחרר בסוף מישהו תמיד ינסה לפגוע בנו.
1892378,29/02/2024 12:53,צריך לשחרר את כל החטופים 
1892586,29/02/2024 17:24,ח
1892594,29/02/2024 14:50,אני מאמינה שאנחנו שולטים במודיעין ובמבצעי ברמה גבוהה. כל מחבל שנשחרר נחזיר לכלא תוך חודש גג.... אז תנו להם את המחבלים ונפציץ אותם יחד עם המשפחות שלהם במבצע צבאי מהשורה הראשונה. נקנה פופקורן לסרט הזה!
1892623,29/02/2024 12:39,"אנו לא רואים מכאן משמשרד הבטחון;שב""כ וכו' רואים משםלכן אני חושבת לא צריך להפריע להם לעשות את עבודתם ; כמו שלא מפריעים לרופא בעבודתואו לחיילים בעבודתם.כל רעשי רקע שלנו מחזקים את הדרישות ועורף של החמס"
1892653,29/02/2024 14:36,יש דברים שהעם לא מודע אליהם מספיק ויש המון רגש שמעורב כאן ולכן ההחלטה צריכה להתבצעה על ידי האנשים שהכי יודעים על הסיטואציה והשיכול שלהם אינו פוליטי אלה הגנתי כמו השבכ והמוסד שנמצאים בשטח ויודעים על החמאס יותר מכולם 
1892656,29/02/2024 13:07,שלום החטופים הכי חשוב עכשיו
1892664,29/02/2024 20:30,בנוסף גם חייב לעשות בחירות להחליף את הממשלה
1892709,29/02/2024 15:48,זו החלטה שהעם צריך לקחת כבר ראינו את תוצאות שחרור שליט.
1892727,29/02/2024 16:33,יש לשחרר את כל החטופים תמורת כמה אסירים שידרש
1892749,29/02/2024 14:02,.
1892783,29/02/2024 13:04,המוסד והשבכ הם הגוף המקצועי והמיעץ
1892785,29/02/2024 15:14,אין מישהו שיודע יותר טוב מהם
1892786,29/02/2024 16:04,הסכמה רחבה ככל שניתן
1892788,29/02/2024 12:37,עסקת שחרור חטופים לא מכל מחיר!העסקה צריכה להיות פרופורציונליות ולאחר העסקה אסור להפסיק את הלחימה עד שחמאס מפורק לחלוטין
1892812,29/02/2024 14:54,אין לי מה 
1892815,29/02/2024 15:18,אין משהו מיוחד 
1892822,29/02/2024 14:12,-
1892834,29/02/2024 16:57,אסור להפסיק לחימה חיילנו לא נפטרו לשווא
1892851,29/02/2024 16:39,רק הגורמים שיכולים להבין את כל הסיכונים ויכולים לראות את התמונה המלאה אמורים להשתתף בדיונים אלו. אבל כן צריך שיתוף פעולה של השבכ/מוסד וגורם ממשלתי (קבינט מצומצם) כדי לקבל החלטה בנושא
1892864,29/02/2024 17:06,חשוב
1892871,29/02/2024 20:27,לקבל החלטות שלא יפגעו בעתיד ובביטחון המדינה
1892877,29/02/2024 14:24,אין לי מה לפרט
1892908,29/02/2024 13:49,חיסול חמאס מטרה עליונה
1892935,29/02/2024 14:36,"זה דבר שמצריך שיקול כבד ואחריות מלאה תוך כדי דאגה לביטחון עמ""י וא""י ושמירה על החטופים שלנו בריאים ושלמים."
1892939,29/02/2024 14:33,לא יודע
1892943,29/02/2024 14:59,לא
1896639,29/02/2024 13:37,אמון בקבינט
1896659,29/02/2024 12:56,אסור לשחרר אסירים שיעוש שוב פיגועים
1896660,29/02/2024 14:57,לא עושים עסקה בכל מחיר.זה משדר חולשה ומרחיק את הסיכוי לשחרר אותם ולנצח במלחמה.
1896670,29/02/2024 13:31,יש לשחרר מהר
1896671,29/02/2024 16:21,אין מעבר
1896676,29/02/2024 13:12,.
1896679,29/02/2024 12:59,שיחזרו כל החטופים 
1896692,29/02/2024 14:33,לעשות משאל סקר
1896699,29/02/2024 15:00,יש להחזיר את השבויים הביתה. פדיון שבויים הוא מעל הכל!!! 
1896723,29/02/2024 16:16,אין לי מה להרחיב
1896726,29/02/2024 15:59,הגורמים המבינים ביותר 
1896729,29/02/2024 13:58,שחרור חטופים בכל מחיר.אחריות המדינה
1896749,29/02/2024 12:36,אין לי מה להוסיף
1896750,29/02/2024 15:29,חובה להחזירם הביתה עכשו ויפה שעה אחת קודם
1896769,29/02/2024 15:31,אסור לשחרר שבויים תמורת הפסקת לחימה ! זה רק מרגיל אותם למלחמות הבאות לחטוף יותר !! עידוד לטרור !!  חייב להבהיר להם שהחטופים אנחנו נלחם כדי להחזיר אבל ממש לא נפסיק לחימה נוותר בשבילם! אם נפסיק לחימה זה פשוט להגיד שכל החיילים נהרגו לשווא . 
1896777,29/02/2024 14:04,בעדיפות עליונה להחזיר את השבויים בכל מחיר; מה שכן; צריך לפעול על פי עמדת השבכ והמוסד 
1896796,29/02/2024 20:10,...
1896798,29/02/2024 14:29,אין מה להפרט; 
1896800,29/02/2024 13:58,זאת צריכה להיות החלטת קבינט שיהיה מוכן לשלם מחירים כבדים אך לא לעצור את הלחימה לצמיתות
1896810,29/02/2024 13:35,אין לי ערבות בענין זה 
1896840,29/02/2024 15:21,רשמתי את דעתי בשאלות
1896856,29/02/2024 18:04,לעשות מלא מאמץ כדי להחזיר את כל החטופים כדי יגיעו בשלום הביתה 
1896858,29/02/2024 15:02,הם אלו שיש להם הכי הרבה מידע וותק בנושא
1896886,29/02/2024 14:37,העיקר להחזיר אותם הביתהכל דבר שיאפשר את זה הוא מבורךלהתחיל קודם במי שבחיים שיהיו בעדיפות ראשונה
1896890,29/02/2024 14:38,יש להקשיב לאנשי מקצוע בתחום שמבינים את כל השיקולים הכרוכים בהחלטה הזו.
1896904,29/02/2024 12:37,אין
1896909,29/02/2024 13:36,החזרת החטופים היא מעל הכל
1896916,29/02/2024 15:52,להקשיב לגופים האלו 
1896921,29/02/2024 15:31,אגף הביטחון הוא האגף היחיד בעיני שיודע מה הולך לקראת בשניים הבאת לכן עדיף שהם יתאמו הכל
1896924,29/02/2024 13:53,צריך להגביר את הלחימה סביב עזה ולחץ את החטופים בכוחות עצמנו ;צהל עוד ילחץ אותך ביד רמה 
1896926,29/02/2024 16:54,"חיי אדם חשובים מאוד ויחד עם זאת צריך לדעת שאין אדם ש""שווה"" יותר מאדם אחר. לכן צריך לשים לב את מי מהמחבלים המתועבים משחררים. וכן אסור לתת לחמאס שום פרס על מה שהם עשו!! אנחנו צריכים להיות אלה שמציבים את התנאים ולא להפך!!"
1896931,29/02/2024 14:11,העם קובע
1896953,29/02/2024 16:26,אין אמון הפוליטיקאים; הכסא חשוב להם יותר מהחטופים
1896956,29/02/2024 13:36,תתחילו לשמור את התורה הקדושה יהיה לכם יותר טוב 
1896963,29/02/2024 13:30,איןמלי מה להוביף 
1896965,29/02/2024 13:52,איין
1896981,29/02/2024 15:17,אסור לשחרר שבויים בכמות מופרזת! אותם אסירים חוזרים אלינו בתור מחבלים
1896982,29/02/2024 13:49,יש ערך עליון בחיי בני אדם וכל העם סובל בין אם מכירים שבוי או לא.
1896985,29/02/2024 13:47,הדבר הכי חשוב כרגע זה להחזיר את השבויים. 
1896994,29/02/2024 12:35,צריך לשאול את העם איזה עיסקה הרוב מחליט
1897003,29/02/2024 17:24,לא מעונין
1897009,29/02/2024 12:47,צריך להחזיר את כולם הביתה!
1897012,29/02/2024 12:43,השבויים צריכים לשוב הביתה במהרה וזה חשוב מאןדאבל לא במחיר של הפסקת הלחימה כי זה מה שמרחיק אותנו מסיום המלחמה לצמיתות.ככל שניתן להם יותר יפים כך נסכן את שאר השבויים ; סינוואר יברח שוב ונסכן את התושבים שחיים פה ; אם ניתן להם הפסקה הם יחדשו את המצברים וניכנס לסבב גדול שוב
1897018,29/02/2024 12:42,צריך לאסוף רק את מי שבאמת מבין מה קרה ב 7/10 מי שבאמת יודע עם מי יש עסק שיהיה סופר ימני 
1897149,29/02/2024 15:07,הפקרנו את השבויים . חייבים להחזירם בכל מחיר
1897536,29/02/2024 13:38,יש עניינים שאולי עדיף לא לחשוף לכולם יש מידע שיכול לשמש נגדנו
1897670,29/02/2024 14:03,לאחר קבלת המלצות של בעלי המקצוע הם צריכים לקבל את ההחלטה בקבינט המצומצם 
1897795,29/02/2024 14:17,אין לי דעה נוספת בעניין
1898199,02/03/2024 9:46,אין לי דעה נוספת
1898253,29/02/2024 14:00,חייבים לשחרר את כולם עכשיו! כל יום שעובר המחיר נהיה גבוה יותר. חלאס; לסיים עם זה ולהחזיר אותם הביתה. כישלון של ממשלה
1898260,29/02/2024 12:58,אשמח אם המשפחות לא יעדט יותר בחאגן במדינה המחיר של החטופים עולה והם מסכנים את בטחון האזרים בחטיפות חוזרות
1898264,29/02/2024 12:44,לדאוג להשבת החטופים!!
1898266,29/02/2024 14:15,לגבי שחרור אסירים- 100 אסירים לחטוף זה בהגבלה לפי סוג האסירים ולאן הם משוחררים; ועל זה המדינה צריכה להילחם נחרצות בעיני. לגבי הפסדקת הלחימה- אסור להפסיק להילחם לצמיתות בשום מצב. לגבי מי יקבע- במדינה הדמוקרטית; ראוי שהרשות המבצעת תקבל החלטות כאלה; גם אם הדעות שלה מחרידות.
1898273,29/02/2024 12:46,לא יכול להיות שממשלת ישראל משחררת כל כך הרבה אסירים תמורת מספר מצומצם של שבויים. 
1898386,29/02/2024 12:43,מוסדות השבכ ידעו אילו אסיסים פחות מסוכנים לכשישתחררו
1898406,29/02/2024 15:57,אין מה להוסיף 
1898496,29/02/2024 13:36,השבויים הם אזרחי המדינה ועל המדינה לעשות הכל כדי להחזירם
1898497,29/02/2024 13:05,לשתף את העם בהחלטות לא רציונליות
1898501,29/02/2024 14:19,צריך להחזיר את החטופים בהקדם
1898517,29/02/2024 14:09,להחזיר אותם הביתה בכל מחיר ואז לתקוף לפי המלצות בטחוניות
1898538,29/02/2024 18:12,הממשלה צריכה להחליט בנושא של עסקת שבויים.
1898543,29/02/2024 13:54,שחרור השבויים הינו חובה ומיידי. התנאים לביצועה שנויים במחלוקת שעש בה כדי לקטב יותר את הצדדים. מאחר ומדובר בתנאים עם השלכות על כל אחד במדינה ראוי שהעם יחליט
1898558,29/02/2024 13:57,להחזיר בכל מחיר
1898633,29/02/2024 15:05,אין מה להוסיף
1898663,29/02/2024 13:39,המדיניות של הממשלה נראית בסדרלחץ צבאי הסכם שחרור חטופים תמורת 1. הפסקות אש מינוריות לשבועות בודדים+ שחרור אסירים לא כבדים לפי נוסחה כלשהי 3 ל-1 או קצת יותרכמובן שהכי טוב תמורת לאפשר לראשי החמאס לצאת מהרצועה בצורה בטוחה 
1898670,29/02/2024 13:55, חשוב שחרור החטופים    חשובים גם חיילים שלנו אי אפשר לסכן  ללא גבולות שחרור גדול. מחבלים יכול לסכן את. מדינה ישראל בהתמיד.   מחבלים. יכול   לחזור. ולעשות פיגועים ויותר יותר
1898692,29/02/2024 13:44,כל בחירה קשה.אף אחד לא היה רוצה להיות אחד ממקבלי ההחלטות או ממשפחות החטופים
1898696,29/02/2024 18:51,אין לי מה לפרטזה מה שאני חושבת
1898718,29/02/2024 12:38,.
1899104,29/02/2024 13:45,אסור לתת למקום קיצוניים להחליט על החלטות כאלו כאשר הם מגיעים כבר עם החלטה ידועה מראש
1899105,29/02/2024 12:45,רוב העם רוצה הכרעה חד משמעית ובעקבות כך שיחרור החטופים יחכה
1899139,29/02/2024 12:38,"בעיניי; שחרור אסירים בטחוניים פוגע בבטחון המדינה. החזרת החטופים חשובה ודחופה ביותר; אבל לא במחיר סיכון כלל אזרחי המדינה. בעיניי; הדרך ביחידה להחזיר אותם היא ע""י יצירת לחץ צבאי עד כניעה של החוטפים והחזרה מרצון"
1899153,29/02/2024 14:02,לשאול את כולם
1899154,29/02/2024 12:39,לפי הערכות בטחוניות
1899156,29/02/2024 19:49,כולם צריכים להחליט
1899157,29/02/2024 19:53,העם צריך להחליט
1899176,29/02/2024 22:25,בממשלה הרוב בחר/הרוב הביע אמון בנוסף לכך שהם יודעים מה קורה בפועל
1899177,29/02/2024 14:49,צריך להגיע להחלטה אחת חכמה בלי למשוך יותר מדי זמן
